235,asdfasdf
208,asdfasdf
97,asdfasdf
211,asdfasdf
323,asdfasdf
139,asdfasdf
431,asdfasdf
265,asdfasdf
332,asdfasdf
60,asdfasdf
154,asdfasdf
233,asdfasdf
34,asdfasdf
340,asdfasdf
40,asdfasdf
238,asdfasdf
299,asdfasdf
294,asdfasdf
53,asdfasdf
214,asdfasdf
57,asdfasdf
36,asdfasdf
185,asdfasdf
130,asdfasdf
147,asdfasdf
268,asdfasdf
227,asdfasdf
262,asdfasdf
181,asdfasdf
142,asdfasdf
426,asdfasdf
18,asdfasdf
16,asdfasdf
38,asdfasdf
259,asdfasdf
341,asdfasdf
94,asdfasdf
72,asdfasdf
96,asdfasdf
304,asdfasdf
418,asdfasdf
145,asdfasdf
271,asdfasdf
110,asdfasdf
98,asdfasdf
71,asdfasdf
421,asdfasdf
366,asdfasdf
365,asdfasdf
386,asdfasdf
151,asdfasdf
177,asdfasdf
176,asdfasdf
400,asdfasdf
168,asdfasdf
310,asdfasdf
334,asdfasdf
4,asdfasdf
67,asdfasdf
307,asdfasdf
122,asdfasdf
403,asdfasdf
17,asdfasdf
409,asdfasdf
236,asdfasdf
81,asdfasdf
93,asdfasdf
244,asdfasdf
33,asdfasdf
434,asdfasdf
415,asdfasdf
252,asdfasdf
3,asdfasdf
156,asdfasdf
66,asdfasdf
54,asdfasdf
152,asdfasdf
405,asdfasdf
396,asdfasdf
435,asdfasdf
39,asdfasdf
290,asdfasdf
395,asdfasdf
150,asdfasdf
15,asdfasdf
191,asdfasdf
61,asdfasdf
158,asdfasdf
367,asdfasdf
439,asdfasdf
232,asdfasdf
437,asdfasdf
6,asdfasdf
319,asdfasdf
445,asdfasdf
101,asdfasdf
204,asdfasdf
389,asdfasdf
79,asdfasdf
380,asdfasdf
356,asdfasdf
297,asdfasdf
275,asdfasdf
113,asdfasdf
277,asdfasdf
327,asdfasdf
126,asdfasdf
251,asdfasdf
274,asdfasdf
170,asdfasdf
346,asdfasdf
19,asdfasdf
64,asdfasdf
317,asdfasdf
324,asdfasdf
25,asdfasdf
190,asdfasdf
193,asdfasdf
189,asdfasdf
20,asdfasdf
443,asdfasdf
234,asdfasdf
217,asdfasdf
382,asdfasdf
350,asdfasdf
239,asdfasdf
174,asdfasdf
399,asdfasdf
417,asdfasdf
291,asdfasdf
10,asdfasdf
258,asdfasdf
303,asdfasdf
402,asdfasdf
410,asdfasdf
117,asdfasdf
383,asdfasdf
308,asdfasdf
282,asdfasdf
125,asdfasdf
175,asdfasdf
31,asdfasdf
413,asdfasdf
412,asdfasdf
11,asdfasdf
352,asdfasdf
305,asdfasdf
447,asdfasdf
180,asdfasdf
109,asdfasdf
223,asdfasdf
249,asdfasdf
52,asdfasdf
278,asdfasdf
248,asdfasdf
286,asdfasdf
30,asdfasdf
118,asdfasdf
329,asdfasdf
263,asdfasdf
56,asdfasdf
89,asdfasdf
449,asdfasdf
77,asdfasdf
326,asdfasdf
92,asdfasdf
339,asdfasdf
427,asdfasdf
393,asdfasdf
309,asdfasdf
140,asdfasdf
371,asdfasdf
58,asdfasdf
311,asdfasdf
432,asdfasdf
279,asdfasdf
375,asdfasdf
7,asdfasdf
226,asdfasdf
250,asdfasdf
273,asdfasdf
47,asdfasdf
120,asdfasdf
229,asdfasdf
300,asdfasdf
425,asdfasdf
372,asdfasdf
450,asdfasdf
132,asdfasdf
68,asdfasdf
26,asdfasdf
330,asdfasdf
255,asdfasdf
37,asdfasdf
172,asdfasdf
2,asdfasdf
162,asdfasdf
266,asdfasdf
164,asdfasdf
320,asdfasdf
55,asdfasdf
83,asdfasdf
201,asdfasdf
32,asdfasdf
90,asdfasdf
23,asdfasdf
187,asdfasdf
428,asdfasdf
8,asdfasdf
314,asdfasdf
283,asdfasdf
163,asdfasdf
388,asdfasdf
29,asdfasdf
336,asdfasdf
100,asdfasdf
230,asdfasdf
398,asdfasdf
416,asdfasdf
5,asdfasdf
397,asdfasdf
433,asdfasdf
328,asdfasdf
354,asdfasdf
343,asdfasdf
63,asdfasdf
270,asdfasdf
292,asdfasdf
183,asdfasdf
345,asdfasdf
209,asdfasdf
440,asdfasdf
245,asdfasdf
453,asdfasdf
41,asdfasdf
306,asdfasdf
338,asdfasdf
196,asdfasdf
127,asdfasdf
203,asdfasdf
73,asdfasdf
318,asdfasdf
78,asdfasdf
48,asdfasdf
337,asdfasdf
70,asdfasdf
91,asdfasdf
231,asdfasdf
442,asdfasdf
133,asdfasdf
221,asdfasdf
347,asdfasdf
420,asdfasdf
429,asdfasdf
107,asdfasdf
333,asdfasdf
69,asdfasdf
207,asdfasdf
458,asdfasdf
436,asdfasdf
452,asdfasdf
256,asdfasdf
24,asdfasdf
106,asdfasdf
411,asdfasdf
178,asdfasdf
222,asdfasdf
422,asdfasdf
128,asdfasdf
50,asdfasdf
114,asdfasdf
115,asdfasdf
137,asdfasdf
408,asdfasdf
261,asdfasdf
342,asdfasdf
404,asdfasdf
321,asdfasdf
45,asdfasdf
406,asdfasdf
269,asdfasdf
198,asdfasdf
59,asdfasdf
446,asdfasdf
116,asdfasdf
295,asdfasdf
322,asdfasdf
148,asdfasdf
146,asdfasdf
316,asdfasdf
312,asdfasdf
276,asdfasdf
315,asdfasdf
414,asdfasdf
242,asdfasdf
456,asdfasdf
44,asdfasdf
455,asdfasdf
381,asdfasdf
143,asdfasdf
141,asdfasdf
358,asdfasdf
205,asdfasdf
218,asdfasdf
391,asdfasdf
407,asdfasdf
288,asdfasdf
134,asdfasdf
284,asdfasdf
451,asdfasdf
192,asdfasdf
13,asdfasdf
102,asdfasdf
62,asdfasdf
82,asdfasdf
392,asdfasdf
377,asdfasdf
237,asdfasdf
157,asdfasdf
374,asdfasdf
27,asdfasdf
243,asdfasdf
359,asdfasdf
454,asdfasdf
131,asdfasdf
200,asdfasdf
228,asdfasdf
361,asdfasdf
95,asdfasdf
438,asdfasdf
12,asdfasdf
253,asdfasdf
216,asdfasdf
160,asdfasdf
51,asdfasdf
379,asdfasdf
213,asdfasdf
206,asdfasdf
144,asdfasdf
9,asdfasdf
43,asdfasdf
448,asdfasdf
390,asdfasdf
298,asdfasdf
246,asdfasdf
355,asdfasdf
241,asdfasdf
136,asdfasdf
360,asdfasdf
42,asdfasdf
167,asdfasdf
88,asdfasdf
348,asdfasdf
441,asdfasdf
357,asdfasdf
195,asdfasdf
179,asdfasdf
112,asdfasdf
424,asdfasdf
103,asdfasdf
301,asdfasdf
135,asdfasdf
353,asdfasdf
74,asdfasdf
49,asdfasdf
123,asdfasdf
111,asdfasdf
385,asdfasdf
169,asdfasdf
1,asdfasdf
14,asdfasdf
65,asdfasdf
224,asdfasdf
46,asdfasdf
349,asdfasdf
184,asdfasdf
108,asdfasdf
84,asdfasdf
76,asdfasdf
197,asdfasdf
264,asdfasdf
351,asdfasdf
85,asdfasdf
384,asdfasdf
331,asdfasdf
287,asdfasdf
459,asdfasdf
220,asdfasdf
423,asdfasdf
272,asdfasdf
199,asdfasdf
376,asdfasdf
186,asdfasdf
257,asdfasdf
325,asdfasdf
280,asdfasdf
119,asdfasdf
363,asdfasdf
378,asdfasdf
289,asdfasdf
281,asdfasdf
104,asdfasdf
21,asdfasdf
362,asdfasdf
202,asdfasdf
28,asdfasdf
149,asdfasdf
86,asdfasdf
387,asdfasdf
225,asdfasdf
173,asdfasdf
210,asdfasdf
194,asdfasdf
171,asdfasdf
188,asdfasdf
313,asdfasdf
153,asdfasdf
370,asdfasdf
129,asdfasdf
364,asdfasdf
182,asdfasdf
240,asdfasdf
285,asdfasdf
394,asdfasdf
419,asdfasdf
105,asdfasdf
212,asdfasdf
444,asdfasdf
161,asdfasdf
296,asdfasdf
155,asdfasdf
75,asdfasdf
302,asdfasdf
460,asdfasdf
138,asdfasdf
260,asdfasdf
87,asdfasdf
344,asdfasdf
159,asdfasdf
369,asdfasdf
293,asdfasdf
215,asdfasdf
219,asdfasdf
166,asdfasdf
80,asdfasdf
